product_id,product_name,product_type,target_skin_type,ingredient
1,ample_1,앰플,복합성,"정제수, 프로판다이올, 펜틸렌글라이콜, 글리세린, 1,2-헥산다이올, 판테놀, 참마뿌리추출물, 인도멀구슬나무잎추출물, 인도멀구슬나무꽃추출물, 아이비고드열매추출물, 카바카바잎/뿌리/줄기추출물, 병풀추출물, 인삼열매추출물, 가지열매추출물, 알로에베라꽃추출물, 홀리바질잎추출물, 울금뿌리추출물, 참산호말추출물, 갈랑가갈랑갈추출물, 소듐하이알루로네이트(1,000ppm), 하이드로제네이티드레시틴, 메틸프로판다이올, 소듐아크릴릭애씨드/엠에이코폴리머, 부틸렌글라이콜, 잔탄검, 소듐시트레이트, 글라이코실트레할로오스, 하이드로제네이티드스타치하이드롤리세이트, 아데노신, 시트릭애씨드, 라피노오스, 레시틴, 폴리쿼터늄-51, 베타-글루칸, 사카라이드아이소머레이트, 사이아노코발아민, 바이오사카라이드검-1, 카프릴릭/카프릭트라이글리세라이드, 소듐스테아로일글루타메이트, 수크로오스라우레이트, 글라이신, 세린, 알지닌, 히스티딘, 리솔레시틴, 하이드롤라이즈드소듐하이알루로네이트(0.1ppm), 토코페롤, 벤질글라이콜, 하이드롤라이즈드글라이코사미노글리칸(0.0056ppm), 소듐아세틸레이티드하이알루로네이트(0.000002ppm), 소듐하이알루로네이트크로스폴리머(0.001ppm), 하이드록시프로필트라이모늄하이알루로네이트(0.0001ppm), 하이드롤라이즈드하이알루로닉애씨드(0.0005ppm), 하이알루로닉애씨드(0.00001ppm), 에틸헥실글리세린, 카프릴릴글라이콜"
2,ample_2,앰플,건성,"소나무잎추출물(792,555ppm), 부틸렌글라이콜, 다이프로필렌글라이콜, 글리세레스-26, 글리세린, 1,2-헥산다이올, 병풀추출물(11,589ppm), 프로판다이올, 하이알루로닉애씨드, 하이드롤라이즈드하이알루로닉애씨드, 소듐하이알루로네이트, 에틸헥실글리세린, 정제수, 글라이코프로테인, 인도멀구슬나무잎추출물, 황련뿌리추출물, 인도멀구슬나무꽃추출물, 하이드록시아세토페논, 아시아티코사이드(0.8099ppm), 아시아틱애씨드(0.8099ppm), 마데카소사이드(0.8099ppm), 마데카식애씨드(0.8099ppm), 소듐시트레이트, 카프릴로일살리실릭애씨드, 다이소듐이디티에이, 잔탄검, 카보머, 트로메타민, 시트릭애씨드"
3,lotion_1,로션,복합성,"정제수, 프로판다이올, 하이드로제네이티드폴리데센, 스쿠알란, 폴리글리세릴-3다이스테아레이트, 글리세린, 비닐다이메티콘, 실리카, 솔비탄스테아레이트, 1,2-헥산다이올, 세테아릴올리베이트, 세라마이드엔피, 카프릴릴글라이콜, 솔비탄올리베이트, 올리브오일불검화물, 하이드로제네이티드레시틴, 글리세릴스테아레이트시트레이트, 폴리아크릴레이트크로스폴리머-6, 글리세릴 글루코사이드, 잔탄검, 돌콩오일불검화물, 밀배아오일불검화물, 토코페롤, 아이소말트, 수크로오스코코에이트, 콜레스테롤, 글루코노락톤, 에틸헥실글리 세린, 팔미틱애씨드, 카프릴릭/카프릭트라이글리세라이드, 꽃가루추출물, 다이소듐이디티에이, 소듐하이알루로네이트, 자일리틸글루코사이드, 안하이드로자일리톨, t-부틸알코올, 폴리글리세릴-10스테아레이트, 폴리글리세릴-10올리에이트, 자일리톨, 글루코오스, 알루미늄/마그네슘하이드록사이드스테아레이트, 미리스틱애씨드, 흰목이버섯폴리사카라이드, 소듐스테아로일글루타메이트, 스테아릭애씨드, 7-데하이드로콜레스테롤, 소듐아스코빌포스페이트, 칼슘클로라이드, 포도즙추출물, 피톨"
4,cream_1,크림,지성,"정제수, 글리세린, 부틸렌글라이콜, 다이카프릴릴에터, 나이아신아마이드, 1,2-헥산다이올, 하이드로제네이티드폴리데센, 펜틸렌글라이콜, 다이카프릴릴카보네이트, 비닐다이메티콘, 카프릴릴메티콘, 하이드록시에틸아크릴레이트/소듐아크릴로일다이메틸타우레이트코폴리머, 판테놀, 아크릴레이트/C10-30알킬아크릴레이트크로스폴리머, 다이메티콘올, 폴리메틸실세스퀴옥세인, 트로메타민, 다이포타슘글리시리제이트, 글리세릴아크릴레이트/아크릴릭애씨드코폴리머, 에틸헥실글리세린, 잔탄검, 병풀잎추출물, 프룩토올리고사카라이드, 소듐파이테이트, 알란토인, 락토바실러스발효물, 락토바실러스/콩발효추출물, 류코노스톡/무발효여과물, 효모발효추출물, 토코페롤, 에피갈로카테킨갈레이트, 마데카소사이드, 베타-글루칸, 병풀추출물, 아시아티코사이드, 마데카식애씨드, 아시아틱애씨드"
5,cream_2,크림,민감성,정제수 다이카프릴릴에터 판테놀 글리세린 펜틸렌글라이콜 폴리글리세릴-6다이스테아레이트 프로판다이올 세틸에스터 호호바에스터 베헤닐알코올 그린와틀꽃왁스 해바라기씨왁스 병풀잎추출물 야콘뿌리즙 솔비탄올리에이트 징크글루코네이트 마데카소사이드 세테아릴아이소노나노에이트 망가니즈글루코네이트 아이소헥사데칸 알파-글루칸올리고사카라이드 소듐하이알루로네이트 소듐스테아로일글루타메이트 아데노신 만노오스 카퍼글루코네이트 하이드록시아세토페논 하이드록시프로필스타치포스페이트 카프릴로일살리실릭애씨드 비트레오스실라발효물 시트릭애씨드 트라이소듐에틸렌다이아민다이석시네이트 락토바실러스 말토덱스트린 폴리글리세린-3 폴리글리세릴-3비즈왁스 폴리솔베이트80 아크릴아마이드/소듐아크릴로일다이메틸타우레이트코폴리머 세틸알코올 토코페롤
6,serum_1,세럼,건성,"정제수, 다이프로필렌글라이콜, 네오펜틸글라이콜다이헵타노에이트, 글리세레스-26, 1,2-헥산다이올, 나이아신아마이드, 솔비톨, 하이드록시에틸우레아, 아보카도오일, 멕시칸치아씨추출물, 바질꽃/잎/줄기추출물, 베타인, 귀리커넬추출물, 부틸렌글라이콜, 흰서양송로추출물(1,740ppm), 글리세린, 해바라기씨오일, 토코페릴아세테이트, 다이소듐이디티에이, 다이포타슘글리시리제이트, 아데노신, 소듐팔미토일프롤린, 비피다발효용해물, 알바수련꽃추출물, 하이드롤라이즈드하이알루로닉애씨드, 돌콩오일, 스노우로투스추출물, 인삼추출물, 연꽃꽃추출물, 뽕나무껍질추출물, 마돈나백합꽃추출물, 에델바이스추출물, 약모밀추출물, 프리지어추출물, 카보머, 데이지꽃추출물, 알지닌, 포타슘솔베이트, 아나토씨오일, 토코페롤, 향료, 리날룰, 헥실신남알, 리모넨, 시트로넬올"
7,toner_1,토너,복합성,"정제수, 다이프로필렌글라이콜, 프로판다이올, 펜틸렌글라이콜, 나이아신아마이드, 부틸렌글라이콜, 글리세린, 쇠비름추출물, 병풀추출물, 무화과추출물, 흰버드나무껍질추출물, 사탕수수추출물, 사과추출물, 케이프알로에잎추출물, 하이드로제네이티드레시틴, 판테놀, 라피노오스, 아크릴레이트/C10-30알킬아크릴레이트크로스폴리머, 트로메타민, 다이소듐이디티에이, 베타인, 베타-글루칸, 마데카소사이드, 세라마이드엔피, 마데카식애씨드, 아시아티코사이드, 아시아틱애씨드, 에틸헥실글리세린, 1,2-헥산다이올, 카프릴릴글라이콜"
8,essence_1,에센스,민감성,"약모밀추출물(80.59%), 글리세린, 정제수, 메틸프로판다이올, 다이프로필렌글라이콜, 글리세레스-26, 아이리쉬모스추출물, 사탕수수추출물, 워터민트추출물, 소듐하이알루로네이트, 파스향나무잎추출물, 부틸렌글라이콜, 하이드록시에틸우레아, 판테놀, 암모늄아크릴로일다이메틸타우레이트/브이피코폴리머, 아크릴레이트/C10-30알킬아크릴레이트크로스폴리머, 트로메타민, 카프릴릴글라이콜, 석시닉애씨드, 1,2-헥산다이올, 잔탄검"
9,ample_3,앰플,민감성,"쑥잎추출물, 정제수, 글리세린, 다이프로필렌글라이콜, 판테놀, 1,2-헥산다이올, 펜틸렌글라이콜, 소듐하이알루로네이트, 병풀추출물, 소듐헤파린, 사과추출물, 다이에톡시에틸석시네이트, 하이드록시에틸우레아, 아크릴레이트/C10-30알킬아크릴레이트크로스폴리머, 암모늄아크릴로일다이메틸타우레이트/브이피코폴리머, 트로메타민, 알란토인, 하이드록시아세토페논, 에틸헥실글리세린, 폴리글리세릴-10라우레이트, 석시닉애씨드, 토코페롤, 카프릴릴/카프릴글루코사이드, 하이드로제네이티드레시틴, 세라마이드엔피, 잔탄검"
10,essence_2,에센스,민감성,"정제수, 다이프로필렌글라이콜, 글리세레스-26, 부틸렌글라이콜, 1,2-헥산다이올, 메틸글루세스-20, 페룰릭애씨드, 락토바실러스발효용해물, 락토바실러스/배즙발효여과물, 효모/보리씨발효여과물, 락토바실러스/인삼뿌리발효여과물, 락토바실러스/콩발효추출물, 락토바실러스/부레옥잠발효물, 모나스커스/쌀발효물, 효모/포도발효추출물, 효모/감자추출물발효여과물, 효모/자일리눔/홍차발효물, 락토바실러스/호밀가루발효물, 락토바실러스/고추냉이뿌리발효추출물, 비니거, 메도우스위트추출물, 치커리뿌리추출물, 타히티바닐라추출물, 귀리커넬추출물, 포트마리골드꽃추출물, 개박하추출물, 라즈베리잎추출물, 와일드인디고뿌리추출물, 별꽃추출물, 수박추출물, 무추출물, 포도주추출물, 단풍나무잎추출물, 창포뿌리추출물, 개다래추출물, 으름덩굴추출물, 양파추출물, 마늘추출물, 지모뿌리추출물, 쑥잎추출물, 사탕무뿌리추출물, 양배추추출물, 순무잎추출물, 동백나무잎추출물, 파파야열매추출물, 잇꽃꽃추출물, 결명씨추출물, 병풀추출물, 모과추출물, 베르가모트잎추출물, 유자추출물, 귤껍질추출물, 더덕뿌리추출물, 쿠네아타산사열매추출물, 오이열매추출물, 울금뿌리추출물, 당근추출물, 감추출물, 쇠뜨기추출물, 비파나무잎추출물, 무화과추출물, 허브로버트추출물, 긴병꽃풀추출물, 스페인감초뿌리추출물, 잎새버섯자실체추출물, 해바라기씨추출물, 원추리꽃추출물, 고구마뿌리추출물, 표고버섯추출물, 레몬버베나잎추출물, 인동덩굴꽃추출물, 구기자추출물, 레몬밤추출물, 페퍼민트꽃/잎/줄기추출물, 산뽕나무잎추출물, 바나나추출물, 연꽃뿌리추출물, 바질잎추출물, 기장추출물, 소엽잎추출물, 팥추출물, 왕질경이씨추출물, 도라지뿌리추출물, 쇠비름추출물, 살구추출물, 복숭아추출물, 자두추출물, 사과추출물, 지황뿌리추출물, 로즈마리잎추출물, 라즈베리추출물, 살비아잎추출물, 얼룩조릿대잎추출물, 형개추출물, 검은깨추출물, 시금치추출물, 서양민들레잎추출물, 타임잎추출물, 하늘타리뿌리추출물, 미역추출물, 생강추출물, 마트리카리아꽃추출물, 은행추출물, 약모밀추출물, 나이아신아마이드, 세린, 콜레스테롤, 세라마이드엔피, 리놀레익애씨드, 팔미틱애씨드, 글리세린, 판테놀, 프로판다이올, 하이드로제네이티드레시틴, 피이지/피피지-17/6코폴리머, 수크로오스스테아레이트, 알란토인, 세테아릴알코올, 폴리쿼터늄-51, 라우릴다이메티콘/폴리글리세린-3크로스폴리머, 하이드록시에틸셀룰로오스, 폴리메틸실세스퀴옥세인, 폴록사머234, 트로메타민, 아크릴레이트/C10-30알킬아크릴레이트크로스폴리머, 라임전초오일, 베르가모트오일, 라벤더오일, 센티드제라늄꽃오일, 캐모마일꽃오일, 리모넨, 리날룰, 시트로넬올, 시트랄, 제라니올"
11,essence_3,에센스,복합성,"정제수, 글리세린, 변성알코올, 다이프로필렌글라이콜, 부틸렌글라이콜, 1,2-헥산다이올, 트레할로오스, 바위손추출물*, 귀리커넬추출물+, 포트마리골드꽃추출물+, 개박하추출물+, 라즈베리잎추출물+, 와일드인디고뿌리추출물+, 별꽃추출물+, 레이디스맨틀잎추출물**, 삼색제비꽃추출물**, 다마스크장미꽃추출물**, 메도우스위트꽃추출물**, 마시멜로뿌리추출물**, 베타인, 판테놀, 아이리쉬모스추출물, 암모늄아크릴로일다이메틸타우레이트/브이피코폴리머, 피이지-40하이드로제네이티드캐스터오일, 옥틸도데세스-16, 카보머, 글리세릴아크릴레이트/아크릴릭애씨드코폴리머, 소듐폴리아크릴레이트, 트로메타민, 트라이소듐이디티에이, 오렌지껍질오일++, 라임전초오일++, 로즈마리잎오일++, 센티드제라늄꽃오일++, 리모넨, 시트로넬올, 제라니올, 시트랄, 리날룰"
12,lotion_2,로션,복합성,"정제수, 소나무잎추출물(409,785ppm), 프로판다이올, 1,2-헥산다이올, 글리세린, 세틸에틸헥사노에이트, 병풀추출물(11,198ppm), 하이알루로닉애씨드, 하이드롤라이즈드하이알루로닉애씨드, 소듐하이알루로네이트, 인도멀구슬나무잎추출, 부틸렌글라이콜, 에틸헥실글리세린, 글라이코프로테인(8.3760ppm), 인도멀구슬나무꽃추출물, 카카오씨추출물, 세테아릴올리베이트, 글리세레스-26, 아시아티코사이드(0.4188ppm), 아시아틱애씨드(0.4188ppm), 마데카소사이드(0.4188ppm), 마데카식애씨드(0.4188ppm), 카프릴로일살리실릭애씨드, C12-20알킬글루코사이드, 암모늄폴리아크릴로일다이메틸타우레이트, 하이드로제네이티드폴리데센, 덱스트린, 비닐다이메티콘, 솔비탄올리베이트, 카보머, C14-22알코올, 다이소듐이디티에이, 트로메타민"
13,toner_2,토너,지성,"정제수, 부틸렌글라이콜, 다이프로필렌글라이콜, 1,2-헥산다이올, 글리세린, 베타인, 알란토인, 판테놀, 쇠비름추출물, 트레할로오스, 소듐하이알루로네이트, 하이드롤라이즈드하이알루로닉애씨드(100ppm), 소듐하이알루로네이트크로스폴리머, 하이드롤라이즈드소듐하이알루로네이트, 소듐아세틸레이티드하이알루로네이트, 2,3-부탄다이올, 펜틸렌글라이콜, 말라카이트추출물, 다이소듐이디티에이, 에틸헥실글리세린"
14,ample_4,앰플,건성,"티트리잎수(920,879 ppm), 글리세린, 프로판다이올, 메틸프로판다이올, 인도멀구슬나무잎추출물, 인도멀구슬나무꽃추출물, 카카오씨추출물, 티트리잎추출물(10 ppm), 티트리추출물(10 ppm), 티트리잎오일(10 ppm), 하이드로제네이티드레시틴, 아크릴레이트/C10-30알킬아크릴레이트크로스폴리머, 다이에톡시에틸석시네이트, 다이소듐이디티에이, 트로메타민, 정제수, 덱스트린, 4-터피네올, 락토바실러스발효물, 1,2-헥산다이올, 에틸헥실글리세린"
15,lotion_3,로션,건성,"정제수, 부틸렌글라이콜, 글리세린, 스쿠알란,펜타에리스리틸테트라이소스테아레이트, 사이클로펜타실록산, 폴리글리세릴-3메칠글루코오스디스테아레이트, 부틸렌글라이콜 디카프릴레이트/디카프레이트, 카프릴릭/카프릭트리글리세라이드, 사이클로헥사실록산, 스테아릭애씨드, 팔미틱애씨드, 글리세릴스테아레이트, 하이드록시에칠아크릴레이트/소듐아크릴로일디메칠타우레이트코폴리머,하이드록시프로필비스팔미타마이드엠이에이, 폴리글리세릴-10스테아레이트, 디메치콘올,콜레스테롤, 하이드록시프로필비스라우라마이드엠이에이, 베헤닐알코올, 피토스핑고신,글리세릴카프릴레이트, 카보머, 디소듐이디티에이, 에칠헥실글리세린, 트로메타민, 소르비탄이소스테아레이트, 아라키딕애씨드, 미리스틱애씨드, 만니톨, 카나우바왁스추출물, 토코페롤,아크릴레이트/암모늄메타크릴레이트코폴리머, 실리카, 소목줄기가루, 올레익애씨드"
16,ample_5,앰플,민감성,"약모밀추출물(80%),부틸렌글라이콜,글리세린,1,2-헥산다이올,베타인,결명씨추출물,판테놀,하이드록시에틸셀룰로오스,소듐하이알루로네이트,알지닌,카보머,에틸헥실글리세린"
17,cream_3,크림,지성,"정제수, 티트리추출물, 병풀추출물, 부틸렌글라이콜, 스쿠알란, 티트리잎추출물, 티트리잎수, 프로판다이올, 1,2-헥산다이올, 나이아신아마이드, 펜틸렌글라이콜, 폴리글리세릴-3메틸글루코오스다이스테아레이트, 다이글리세린, 티트리꽃/잎/줄기추출물, 티트리잎오일, 하이드록시에틸아크릴레이트/소듐아크릴로일다이메틸타우레이트코폴리머, 폴리메틸실세스퀴옥세인, 아크릴레이트/C10-30알킬아크릴레이트크로스폴리머, 트로메타민, 솔비탄아이소스테아레이트, 마데카소사이드, 에틸헥실글리세린"
18,lotion_4,로션,건성,"정제수, 글리세린, 퀸즈랜드넛오일, 1,2-헥산다이올, 펜틸렌글라이콜, 아이리쉬모스추출물, 사탕수수추출물, 해수, 하이알루로닉애씨드, 하이드롤라이즈드하이알루로닉애씨드, 소듐하이알루로네이트, 판테놀, 스쿠알란, 부틸렌글라이콜, 폴리글리세릴-3메틸글루코오스다이스테아레이트, 글리세릴스테아레이트, 하이드로제네이티드폴리데센, 하이드록시에틸아크릴레이트/소듐아크릴로일다이메틸타우레이트코폴리머, 호호바에스터, 카프릴릴글라이콜, 트로메타민, 소듐파이테이트, 토코페롤, 소듐카복시메틸베타-글루칸, 에틸헥실글리세린, 세테아릴알코올, 카보머"
19,cream_4,크림,복합성,"정제수, 프로판다이올, 글리세린, 페닐트라이메티콘, 메틸트라이메티콘, 1,2-헥산다이올, 트레할로오스, 다이카프릴릴카보네이트, 암모늄아크릴로일다이메틸타우레이트/브이피코폴리머, 하이드로제네이티드레시틴, 하이드로제네이티드폴리아이소부텐, 하이드록시에틸아크릴레이트/소듐아크릴로일다이메틸타우레이트코폴리머, 세테아릴알코올, 아크릴레이트/C10-30알킬아크릴레이트크로스폴리머, 글리세릴카프릴레이트, 글리세릴스테아레이트, 트로메타민, 다이소듐이디티에이, 에틸헥실글리세린, 스테아릭애씨드, 팔미틱애씨드, 폴리글리세릴-3메틸글루코오스다이스테아레이트, 솔비탄아이소스테아레이트, 만니톨, 알지닌, 세린, 수크로오스, 피씨에이, 시트룰린, 글라이코젠, 히스티딘에이치씨엘, 알라닌, 토코페롤, 하이드록시프로필비스팔미타마이드엠이에이, 트레오닌, 글루타믹애씨드, 미리스틱애씨드, 아라키딕애씨드, 라이신에이치씨엘, 아크릴레이트/암모늄메타크릴레이트코폴리머, 콜레스테롤, 실리카"
20,serum_2,세럼,지성,정제수 변성알코올 글리세린 프로판다이올 나이아신아마이드 락틱애씨드 하이드록시에틸피페라진에탄설포닉애씨드 하이드록시아세토페논 소듐하이드록사이드 하이드록시프로필구아 살리실릭애씨드 파이틱애씨드
21,toner_3,토너,건성,"정제수, 부틸렌글라이콜, 글리세린, 글루코노락톤, 트로메타민, 1,2-헥산다이올, 판테놀, 프로판다이올, 폴리쿼터늄-51, 에틸헥실글리세린, 다이소듐이디티에이, 마데카소사이드, 베타-글루칸, 폴리글리세릴-10라우레이트, 토코페롤, 스쿠알란, 피토스테롤"
22,ample_6,앰플,민감성,"코코넛야자수,정제수,부틸렌글라이콜,글리세린,다이프로필렌글라이콜,바오밥나무씨추출물,소듐하이알루로네이트,락토코쿠스발효물,락토바실러스발효물,비피다발효여과물,1,2-헥산다이올,스쿠알란,프로판다이올,글라이코실트레할로오스,하이드롤라이즈드글라이코사미노글리칸,프로필렌글라이콜다이카프릴레이트,베타인,하이드로제네이티드스타치하이드롤리세이트,카프릴릴글라이콜,접시꽃추출물,소듐하이알루로네이트크로스폴리머,잔탄검,하이드롤라이즈드하이알루로닉애씨드,하이알루로닉애씨드,에틸헥실글리세린,다이포타슘글리시리제이트,자이언트켈프추출물,하이드록시프로필트라이모늄하이알루로네이트,무화과추출물,뽕나무열매추출물,석류추출물,은행추출물,펜틸렌글라이콜,소듐아세틸레이티드하이알루로네이트,루이보스추출물,스페인감초뿌리추출물,솔비탄세스퀴올리에이트,모하비유카뿌리추출물,몰약수지추출물,소엽잎추출물,벤질글라이콜,카보머,알로에베라잎추출물,폴리글리세릴-4카프레이트,트로메타민,C12-14파레스-12"
23,toner_4,토너,민감성,"정제수, 부틸렌글라이콜, 1,2-헥산다이올, 글리세린, 소듐하이알루로네이트(2,500 ppm), 하이알루로닉애씨드(100 ppm), 동백나무잎추출물, 베타-글루칸, 다이소듐이디티에이, 알란토인, 접시꽃추출물, 토코페롤, 판테놀, 에틸헥실글리세린"
24,serum_3,세럼,민감성,"쑥잎추출물, 정제수, 글리세린, 다이프로필렌글라이콜, 판테놀, 1,2-헥산다이올, 펜틸렌글라이콜, 소듐하이알루로네이트, 병풀추출물, 소듐헤파린, 사과추출물, 다이에톡시에틸석시네이트, 하이드록시에틸우레아, 아크릴레이트/C10-30알킬아크릴레이트크로스폴리머, 암모늄아크릴로일다이메틸타우레이트/브이피코폴리머, 트로메타민, 알란토인, 하이드록시아세토페논, 에틸헥실글리세린, 폴리글리세릴-10라우레이트, 석시닉애씨드, 토코페롤, 카프릴릴/카프릴글루코사이드, 하이드로제네이티드레시틴, 세라마이드엔피, 잔탄검"
25,cream_5,크림,건성,"정제수, 글리세린, 부틸렌글라이콜, 부틸렌글라이콜다이카프릴레이트/다이카프레이트, 펜타에리스리틸테트라아이오스테아레이트, 사이클로펜타실록세인, 스쿠알란, 세틸에틸헥사노에이트 베헤닐알코올, 스테아릭애씨드, 하이드록시프로필비스팔미타마이드엠이에이, 사이클로헥사실록세인, C14-22알코올, 하이드록시프로필비스라우라마이드엠에이, 만니톨, 아라키딜알코올, 콜레스테롤, 폴리아크릴레이트-13, 알란토인, 카나우바왁스추출물, C12-20알킬글루코사이드, 아라키딜글루코사이드, 다이메틴콘올, 폴리아이소부텐, 피토스핑고신, 글리세릴카프릴레이트, 아크릴레이트/암모늄메타크릴레이트코폴리머, 카보머, 트로메타민, 에틸헥실글리세린, 실리카, 폴리솔베이트20, 솔비탄아이소스테아레이트, 글루코오스, 아라키딕애씨드, 팔미틱애씨드, 소목줄기가루, 올레익애씨드, 토코페롤"
26,lotion_5,로션,지성,"정제수, 카프릴릭/카프릭트라이글리세라이드, 글리세린, 펜틸렌글라이콜, 코코넛야자오일, 오일팜오일, 시어버터, 올리브오일, 하이드로제네이티드레시틴, 하이드록시에틸셀룰로오스, 카프릴릴글라이콜, 잔탄검, 스쿠알란, 카보머, 소듐카보머, 세라마이드엔피"
27,toner_5,토너,건성,"정제수, 부틸렌글라이콜, 글리세린, 펜틸렌글라이콜, 프로판다이올, 아이리쉬모스추출물, 사탕수수추출물, 해수, 1,2-헥산다이올, 프로테아제, 베타인, 판테놀, 에틸헥실글리세린, 알란토인, 잔탄검, 다이소듐이디티에이"
28,ample_7,앰플,지성,"정제수, 글리세린, 부틸렌글라이콜, 나이아신아마이드, 다이부틸아디페이트, 카프릴릭/카프릭트라이글리세라이드, 1,2-헥산다이올, 하이드로제네이티드레시틴, 암모늄아크릴로일다이메틸타우레이트/브이피코폴리머, 해바라기씨오일, 콜레스테롤, 알란토인, 돌콩오일, 토코페롤, 토코페릴아세테이트, 소듐메틸스테아로일타우레이트, 프로판다이올, 당근추출물, 에틸헥실글리세린, 아데노신, 아시아티코사이드, 마데카식애씨드, 녹차씨추출물, 아시아틱애씨드, 레티놀(500IU/g), 스테아릴글리시레티네이트, 하이알루로닉애씨드, 만니톨, 세라마이드엔피, 베타-글루칸, 베타-카로틴, 피토스핑고신, 비에이치티, 살리실릭애씨드, 아세틸테트라펩타이드-11"
29,serum_4,세럼,민감성,"정제수, 글리세린, 부틸렌글라이콜, 다이프로필렌글라이콜, 베타인, 나이아신아마이드, 1,2-헥산다이올, 변성알코올, 스쿠알란, 다이에톡시에틸석시네이트, 폴리글리세릴-10스테아레이트, 수크로오스스테아레이트, 글리세릴폴리메타크릴레이트, 폴리글리세릴-10라우레이트, 피토스테롤, 카프릴릴메티콘, 카보머, 하이드로제네이티드레시틴, 하이드로제네이티드포스파티딜콜린, 트로메타민, 에틸헥실글리세린, 잔탄검, 프로판다이올, 셀룰로오스검, 다이소듐이디티에이, 마데카소사이드, 베타-글루칸, 토코페롤"
30,essence_4,에센스,민감성,"정제수, 에탄올, 글리세린, 알부틴, 베타인, 밤껍질추출물, 흰버드나무껍질추출물, 병풀추출물, 다마스크장미꽃오일, 판테놀, 아사이팜열매추출물, 로우스위트블루베리추출물, 인디안구스베리열매추출물, 크랜베리추출물, 다마스크장미꽃수, 약모밀추출물, 붉나무충영추출물, 올리브나무잎추출물, 감국꽃추출물, 회화나무싹추출물, 꿀풀잎추출물, 포트마리골드꽃추출물, 부틸렌글라이콜, 1,2-헥산다이올, 황금추출물, 모란뿌리추출물, 스페인감초뿌리추출물, 시트로넬올, 제라니올 *아이소이에서 사용하는 에탄올은 식물발효성분입니다."
31,ample_8,앰플,복합성,"정제수, 다이프로필렌글라이콜, 프로판다이올, 아스코빅애씨드, 2,3-부탄다이올, 글리세린, 변성알코올, 판테놀, 글라이코실트레할로오스, 하이드로제네이티드스타치하이드롤리세이트, 1,2-헥산다이올, 솔비톨, 폴리글리세릴-10스테아레이트, 폴리글리세릴-10올리에이트, 알란토인, 마데카소사이드, 트레할로오스, 부틸렌글라이콜, 베티버뿌리오일, 덱스트린, 소듐하이알루로네이트, 잇꽃꽃추출물, 카카오씨추출물, 후추열매오일, 생강오일, 홍삼추출물, 영지버섯추출물, 토코페롤, 페룰릭애씨드, 스쿠알란, 카프릴릭/카프릭트라이글리세라이드, 세라마이드엔피, 하이드로제네이티드레시틴, 육계잎오일, 다마스크장미꽃오일, 돌콩오일, 다이소듐이디티에이, 트로메타민"
32,serum_5,세럼,복합성,"정제수, 다마스크장미꽃수, 글리세린, 에탄올,알부틴, 베타인, 트레할로오스, 다마스크장미꽃오일, 비타민나무열매추출물, 아사이팜열매추출물, 로우스위트블루베리추출물, 인디안구스베리열매추출물, 크랜베리추출물, 바위돌꽃뿌리추출물, 고삼뿌리추출물, 블랙윌로우나무껍질추출물, 약모밀추출물, 잔탄검, 알란토인, 판테놀, 붉나무충영추출물, 올리브나무잎추출물, 감국꽃추출물, 회화나무싹추출물, 꿀풀잎추출물, 밤껍질추출물, 흰버드나무껍질추출물, 병풀추출물, 부틸렌글라이콜, 1,2-헥산다이올, 포트마리골드꽃추출물, 황금추출물, 모란뿌리추출물, 스페인감초뿌리추출물"
33,serum_6,세럼,지성,"아쿠아(아벤느 온천수),아이소프로필알코올,피이지-6,글리세린,흰무늬엉겅퀴열매추출물,실리카,폴리아크릴레이트-13,폴리아이소부텐,폴리솔베,이트 20,솔비탄아이소스테아레이트,정제수"
34,lotion_6,로션,건성,"아벤느온천수(아쿠아),글리세린,카프릴릭/카프릭트리글리세라이드,이소프로필팔미테이트,프로필렌글라이콜디카프레이트,글리세릴스테아레이트,피이지-100스테아레이트,미레스-3미리스테이트,토코페릴아세테이트,달맞이꽃오일,카프릴릴글라이콜,글라이신,펜틸람노사이드,아크릴레이트/C10-30알킬아크릴레이트크로스폴리머,카보머, 벤조익애씨드,정제수,소듐하이드록사이드,향료,피이지-400,콩추출물,피이지-32,토코페롤,클로페네신, 페녹시에탄올, 소듐하이드록사이드"
35,essence_5,에센스,건성,"정제수, 부틸렌글라이콜, 다이프로필렌글라이콜, 글리세레스-26, 1,2-헥산다이올, 메틸글루세스-20, 판테놀, 글리세린, 베타인, 도둑놈의지팡이뿌리추출물, 하이드로제네이티드레시틴, 피이지/피피지-17/6코폴리머, 수크로오스스테아레이트, 세테아릴알코올, 나이아신아마이드, 프로폴리스추출물(1000ppm), 세린, 콜레스테롤, 아크릴레이트/C10-30알킬아크릴레이트크로스폴리머, 트로메타민, 세라마이드엔피, 토코페롤, 폴리쿼터늄-51, 라우릴다이메티콘/폴리글리세린-3크로스폴리머, 폴리메틸실세스퀴옥세인, 하이드록시에틸셀룰로오스, 돌콩오일, 리놀레익애씨드, 팔미틱애씨드, 센티드제라늄꽃오일, 덱스트린, 카카오씨추출물, 황련뿌리추출물, 꿀추출물, 약모밀추출물, 은행추출물, 소듐하이알루로네이트, 마데카소사이드, 시트로넬올, 제라니올, 리날룰"
36,lotion_7,로션,건성,"정제수,글리세린,프로판다이올,카프릴릭/카프릭트라이글리세라이드,솔비탄스테아레이트,펜타에리스리틸스테아레이트/카프레이트/카프릴레이트/아디페이트,글리세릴스테아레이트,미리스토일/팔미토일옥소스테아라마이드/아라카마이드엠이에이,부틸렌글라이콜,다이메티콘,토코페롤,카보머,알지닌,알란토인,잇꽃씨오일,판테놀,솔비탄라우레이트,해바라기씨오일,소듐하이알루로네이트,하이드록시에틸셀룰로오스,아세틸다이펩타이드-1세틸에스터,광곽향오일,살비아오일,소두구씨오일,다이하이드록시아이소프로필팔모일팜아마이드,마데카소사이드,비스-카프릴로일옥시팔미타미도아이소프로판올@스테아릭애씨드,엑토인,피토스테롤,캐모마일꽃오일,콘민트오일,자일리틸글루코사이드,안하이드로자일리톨,멕시칸주니퍼오일,자일리톨,글루코오스,아세틸헵타펩타이드-4,1,2-헥산다이올,카프릴릴글라이콜"
37,cream_6,크림,민감성,"정제수, 글리세린, 아이소노닐아이소노나노에이트, 아이소도데케인, 1,2-헥산다이올, 펜틸렌글라이콜, 폴리데센, 자작나무수액(10,000ppm), 호호바에스터, 판테놀, 글리세릴글루코사이드, 아라비아고무나무검, 하이드롤라이즈드오크라추출물, 소듐하이알루로네이트, 하이알루로닉애씨드, 화이트루핀씨추출물, 드럼스틱씨추출물, 인도멀구슬나무잎추출물, 인도멀구슬나무꽃추출물, 아이비고드열매추출물, 알로에베라꽃추출물, 가지열매추출물, 홀리바질잎추출물, 참산호말추출물, 울금뿌리추출물, 아스코빅애씨드, 펜타에리스리틸테트라에틸헥사노에이트, 암모늄아크릴로일다이메틸타우레이트/브이피코폴리머, 폴리글리세릴-3메틸글루코오스다이스테아레이트, 아크릴레이트/C10-30알킬아크릴레이트크로스폴리머, 트로메타민, 글리세릴아크릴레이트/아크릴릭애씨드코폴리머, 에틸헥실글리세린, 아가, 다이포타슘글리시리제이트, 글리세릴카프릴레이트, 부틸렌글라이콜, 다이소듐이디티에이"
38,toner_6,토너,건성,"정제수, 다이프로필렌글라이콜, 글리세레스-26, 1,2-헥산다이올, 나이아신아마이드, 부틸렌글라이콜, 글리세린, 메틸글루세스-20, 메도우스위트추출물, 락토코쿠스/녹두추출물발효여과물, 락토바실러스/쌀발효물, 클로렐라발효물, 락토바실러스/조류추출발효물, 효모/포도발효추출물, 락토바실러스/호박발효추출물, 락토바실러스/콩발효추출물, 락토바실러스/콩추출물발효여과물, 효모/쌀발효여과추출물, 효모/보리씨발효여과물, 효모/칼슘발효물, 효모/슈가캘프발효물, 효모/감자추출물발효여과물, 락토바실러스/여바산타발효추출물, 락토바실러스/부레옥잠발효물, 락토바실러스/호밀가루발효물, 락토바실러스/히비스커스꽃발효여과물, 락토바실러스/우유발효여과물, 락토바실러스/홍삼발효여과물, 락토바실러스/아세로라체리발효물, 락토바실러스발효물, 락토바실러스발효용해여과물, 락토코커스/우유발효용해물, 락토코쿠스발효물, 락토코쿠스발효추출물, 락토코쿠스발효용해물, 스트렙토코쿠스 테르모필루스발효물, 흑효모발효여과물, 비피다발효여과물, 비피다발효추출물, 류코노스톡/무발효여과물, 락토바실러스/고추냉이뿌리발효추출물, 락토바실러스/석류발효추출물, 바실러스/글루타믹애씨드발효여과물, 바실러스/쌀겨추출물/콩추출물발효여과물, 모나스커스/쌀발효물, 효모/쌀겨발효여과추출물, 효모/쌀겨발효물, 락토바실러스/배즙발효여과물, 피키아발효용해여과물, 알테로모나스발효추출물, 효모/율무씨발효여과물, 효모/콩단백질발효물 , 스핑고모나스발효추출물, 효모/공작석발효물, 효모발효물, 효모발효여과물, 스키조사카로미세스발효여과물, 아스퍼질러스발효물, 아스퍼질러스/글루코오스/콩/전분발효여과물, 센티드제라늄꽃오일 , 소듐하이알루로네이트, 폴리글리세릴-10라우레이트, 세테아릴알코올, 베타인, 아크릴레이트/C10-30알킬아크릴레이트크로스폴리머, 트로메타민, 폴리쿼터늄-51, 하이드록시에틸셀룰로오스, 아데노신, 제라니올, 시트로넬올"
39,toner_7,토너,지성,"티트리추출물, 정제수, 다이프로필렌글라이콜, 티트리잎추출물, 티트리잎수, 병풀추출물, 1,2-헥산다이올, 부틸렌글라이콜, 티트리꽃/잎/줄기추출물, 베타인, 판테놀, 옥틸도데세스-16, 소듐시트레이트, 시트릭애씨드, 티트리잎오일, 베타인살리실레이트, 잔탄검"
40,toner_8,토너,민감성,"정제수, 어성초추출물(=약모밀추출물, 20%), 메틸프로판다이올, 펜틸렌글라이콜, 글리세린, 아이리쉬모스추출물, 사탕수수추출물, 바질오일, 오렌지껍질오일, 라벤더오일, 흰버드나무껍질추출물, 소듐하이알루로네이트, 하이드롤라이즈드하이알루로닉애씨드, 하이알루로닉애씨드, 폴리글리세릴-10라우레이트, 에틸헥실글리세린, 소듐시트레이트, 시트릭애씨드, 토코페롤, 1,2-헥산다이올, 하이드록시프로필트라이모늄하이알루로네이트, 소듐아세틸레이티드하이알루로네이트, 하이드롤라이즈드소듐하이알루로네이트, 소듐하이알루로네이트크로스폴리머, 포타슘하이알루로네이트, 잔탄검"
41,lotion_8,로션,민감성,"정제수, 카프릴릭/카프릭트리글리세라이드, 글리세린, 펜틸렌글라이콜, 쉐어버 터, 하이드로제네이티드레시틴, 팔미타마이드엠이에이, 하이드록시에칠셀룰로 오스, 카프릴릴글라이콜, 잔탄검, 베타인, 스쿠알란, 사코신, 아세트아마이드엠 이에이, 소듐카보머, 카보머, 세라마이드엔피(세라마이드3)"
42,lotion_9,로션,지성,"아벤느온천수(아쿠아), 향료, 하이드로제네이티드스타치하이드롤리세이트, 피이지-7글리세릴코코에이트, 페녹시에탄올, 스테아랄코늄헥토라이트, 트리소듐이디티에이, 정제수"
43,lotion_10,로션,복합성,"정제수, 프로판다이올, 펜틸렌글라이콜, 비닐다이메티콘, 글리세린, 세틸에칠헥사노에이트, 알바수련꽃추출물, 알로에베라잎즙, 부틸렌글라이콜, 마데카소사이드, 세테아릴올리베이트, 카보머, 솔비탄올리베이트, 트로메타민, 소듐하이알루로네이트"
44,serum_7,세럼,건성,"정제수, 글리세린, 메틸글루세스-20, 펜틸렌글라이콜, 부틸렌글라이콜, 나이아신아마이드, 솔비톨, 아데노신, 카페인, 소듐하이알루로네이트, 알란토인, 판테놀, 알지닌, 하이알루로닉애씨드, 스페인감초뿌리추출물, 마트리카리아꽃추출물, 병풀추출물, 돌콩싹추출물, 파파야열매추출물, 1,2-헥산다이올, 소듐피씨에이, 아크릴레이트/C10-30알킬아크릴레이트크로스폴리머, 하이드록시에틸셀룰로오스, 트레할로오스, 소듐폴리글루타메이트, 하이드록시프로필트라이모늄하이알루로네이트, 하이드롤라이즈드하이알루로닉애씨드, 소듐아세틸레이티드하이알루로네이트, 포타슘하이알루로네이트, 소듐하이알루로네이트크로스폴리머, 다이소듐이디티에이"
45,serum_8,세럼,건성,"정제수, 글리세린, 부틸렌글라이콜, C15-19알케인, 스쿠알란, 셀룰로오스, C20-22알킬포스페이트, C20-22알코올, 펜틸렌글라이콜, 1,2-헥산다이올, 카프릴릴글라이콜, 카르노신, 폴리아크릴레이트크로스폴리머-6, 말토덱스트린, 잔탄검, 만니톨, 자일리톨, 토코페롤, 단삼뿌리추출물, 람노오스, 바이오사카라이드검-1, 시트릭애씨드, 돌콩오일, 하이드롤라이즈드하이알루로닉애씨드, 소듐하이드록사이드, 팔미토일테트라펩타이드-10"
46,serum_9,세럼,복합성,"정제수, 부틸렌글라이콜, 다이프로필렌글라이콜, 글리세린, 스쿠알란, 1,2-헥산다이올, 암모늄아크릴로일다이메틸타우레이트/브이피코폴리머, 프로판다이올, 카보머, 세테아릴알코올, 트로메타민, 폴리글리세릴-3메틸글루코오스다이스테아레이트, 덱스트린, 하이드로제네이티드레시틴, 에틸헥실글리세린, 향료, 글리세릴스테아레이트시트레이트, 다이소듐이디티에이, 베타인, 하이드롤라이즈드하이알루로닉애씨드(0.02%), 베타-글루칸, 자일리틸글루코사이드, 안하이드로자일리톨, 자일리톨, 락토바실러스발효용해물, 글루코오스, 토코페롤, 마그네슘클로라이드, 테트라데실아미노부티로일발릴아미노부티릭우레아트라이플루오로아세테이트, 미역추출물"
47,serum_10,세럼,복합성,"정제수, 글리세린, 자일리톨, 소듐폴리아크릴레이트, 다이메티콘, 사이클로펜타실록세인, 페녹시에탄올, 클로페네신, 트라이데세스-6, 다이소듐이디티에이, 향료, 나이아신아마이드, 피이지/피피지-18/18다이메티콘, 프룩토올리고사카라이드, 만니톨, 소듐하이알루로네이트, 헥실데칸올, 카프릴릭/카프릭트라이글리세라이드, 람노오스, 라미나리아 오크롤레우카추출물, 사과씨추출물, 유채스테롤, 토코페롤"
48,ample_9,앰플,지성,"병풀추출물, 글리세린, 다이프로필렌글라이콜, 프로판다이올, 정제수, 1,2-헥산다이올, 부틸렌글라이콜, 나이아신아마이드, 메틸프로판다이올, 다마스크장미꽃수, 칼라민, 아이리쉬모스추출물, 사탕수수추출물, 병풀잎추출물, 마데카소사이드, 베타인, 판테놀, C12-14알케스-12, 트로메타민, 펜틸렌글라이콜, 에틸헥실글리세린, 알란토인, 소듐파이테이트, 아시아티코사이드, 베타-글루칸, 사이아노코발아민, 토코페롤, 마데카식애씨드, 아시아틱애씨드, 카보머, 잔탄검"
49,ample_10,앰플,복합성,"정제수, 다이프로필렌글라이콜, 글리세린, 나이아신아마이드, 1,2-헥산다이올, 판테놀, 부틸렌글라이콜, 흰버드나무껍질추출물, 칼라민, 시트릭애씨드, 잔탄검, 프로폴리스추출물, 윈터체리뿌리추출물, 고수추출물, 칸디다 봄비콜라/글루코오스/메틸레이프씨데이트발효물, 베르가모트오일, 트라이에톡시카프릴릴실레인, 소듐하이알루로네이트, 흰목이버섯추출물, 라벤더오일, 페퍼민트오일, 멕시칸주니퍼오일, 로즈마리잎오일, 펙틴, 클로렐라 에메르소니이추출물, 세라마이드엔피, 하이드롤라이즈드루핀단백질, 하이드로제네이티드레시틴, 팔미틱애씨드, 콜레스테릴마카다미에이트, 콜레스테롤, 스테아릭애씨드, 수크로오스스테아레이트, 산소, 사카라이드아이소머레이트, 암모늄아크릴로일다이메틸타우레이트/브이피코폴리머, 피이지-40하이드로제네이티드캐스터오일, 에틸헥실글리세린소듐시트레이트, 트라이소듐이디티에이, 리모넨, 리날룰"
50,ample_11,앰플,건성,"정제수, 프로판다이올, 변성알코올, 글리세린, 나이아신아마이드*, 1,2-헥산다이올, 소듐하이알루로네이트**, 엔도미세스발효여과물, 하이드롤라이즈드하이알루로닉애씨드**, 트루로즈오브예리코추출물, 하이알루로닉애씨드, 비피다발효용해물, 옥틸도데세스-16, 트로메타민, 에틸헥실글리세린, 아데노신, 펜틸렌글라이콜, 아세틸글루코사민, 하이드록시아세토페논, 소듐하이알루로네이트크로스폴리머**, 벤질글라이콜, 하이드롤라이즈드글라이코사미노글리칸, 토코페롤*, 카프릴릴글라이콜, 글리세릴글루코사이드, 부틸렌글라이콜, 하이드록시프로필트라이모늄하이알루로네이트**, 하이드로제네이티드레시틴, 스테아릭애씨드, 소듐아세틸레이티드하이알루로네이트**, 옥탄다이올, 피토스테롤, 구아하이드록시프로필트라이모늄클로라이드, 세라마이드엔피, 세라마이드엔에스, 콜레스테롤, 피토스핑고신, 세라마이드에이피, 세라마이드에이에스, 아스코빅애씨드*, 아스코빌글루코사이드*, 바이오틴*, 사이아노코발아민*, 폴릭애씨드*, 리놀레익애씨드*, 판토테닉애씨드*, 피리독신*, 티아민에이치씨엘*, 세라마이드이오피, 카보머, 다이소듐이디티에이, 세테아릴알코올, 향료"
51,ample_12,앰플,복합성,"노니열매추출물(71.77%), 부틸렌글라이콜, 프로판다이올, 글리세린, 1,2-헥산다이올, 다이에톡시에틸석시네이트, 글리세릴아크릴레이트/아크릴릭애씨드코폴리머, 노니씨오일(1ppm), 세라마이드엔피, 올리브오일, 시어버터, 스쿠알란, 로즈마리잎오일, 인도멀구슬나무잎추출물, 인도멀구슬나무꽃추출물, 카카오추출물, 덱스트린, 피토스핑고신, 콜레스테롤, 소듐하이알루로네이트, 하이드로제네이티드레시틴, C12-13파레스-9, 소듐폴리아크릴로일다이메틸타우레이트, 카프릴릭/카프릭트라이글리세라이드, 정제수, 알란토인, 아데노신, 다이소듐이디티에이, 클로페네신"
52,essence_7,에센스,건성,"프로폴리스추출물 (63 %). 꿀추출물 (10 %). 로얄젤리추출물 (10 %). 부틸렌글라이콜. 디프로필렌글라이콜. 마치현추출물. 글리세린. 베타-글루칸. 락토바실러스발효물. 효모발효물. 소듐하이알루로네이트. 하이드록시에칠셀룰로오스, 디소듐이디티에이, 카보머, 알지닌"
53,cream_7,크림,건성,"정제수, 글리세린, 하이드로제네이티드폴리데센, 카프릴릭/카프릭트라이글리세라이드, 페닐트라이메티콘, 베타인, 폴리글리세릴-3메틸글루코오스다이스테아레이트, 사이클로헥사실록세인, 세틸알코올, 퀸즈랜드넛오일, 피토스테릴/이소스테아릴/세틸/스테아릴/베헤닐다이머디리놀리에이트, 글리세릴스테아레이트, 베헤닐알코올, 트레할로오스, 펜타에리스리틸다이스테아레이트, 콜라겐추출물, 다시마추출물, 한련초잎추출물, 병풀추출물, 무화과추출물, 인도멀구슬나무잎추출물, 인도멀구슬나무꽃추출물, 울금뿌리추출물, 연꽃꽃추출물, 장미추출물, 커먼자스민추출물, 나팔수선화추출물, 마돈나백합비늘줄기추출물, 블루플래그아이리스추출물, 프리지어추출물, 흰서양송로추출물(100ppm), 맥아추출물, 홀리바질잎추출물, 참산호말추출물, 지모뿌리추출물, 소듐하이알루로네이트, 하이드로제네이티드레시틴, 달맞이꽃오일, 돌콩오일, 동백나무씨오일, 마카다미아씨오일, 비타민나무열매오일, 아보카도오일, 올리브오일, 해바라기씨오일, 암모늄아크릴로일다이메틸타우레이트/브이피코폴리머, 폴리글리세릴-10라우레이트, 부틸렌글라이콜, 소듐스테아로일글루타메이트, 아데노신, 프룩토올리고사카라이드, 다이소듐이디티에이, 베타-글루칸, 하이드롤라이즈드하이알루로닉애씨드, 세라마이드엔피, 글루코오스, 만노오스, 시어버터, 하이드로제네이티드폴리아이소부텐, 토코페롤, 1,2-헥산다이올, 향료, 하이드록시아세토페논, 에틸헥실글리세린"
54,cream_8,크림,건성,"정제수, 스쿠알란(150,000ppm), 글리세린, 1,2-헥산다이올, 베타인, 판테놀, 소듐하이알루로네이트, 하이드롤라이즈드콜라겐, 하이드록시프로필트라이모늄하이알루로네이트, 하이드롤라이즈드하이알루로닉애씨드, 소듐아세틸레이티드하이알루로네이트, 아세틸헥사펩타이드-8, 아데노신, 하이알루로닉애씨드, 하이드롤라이즈드소듐하이알루로네이트, 소듐하이알루로네이트크로스폴리머, 포타슘하이알루로네이트, 아크릴레이트/C10-30알킬아크릴레이트크로스폴리머, 알지닌, 알란토인, 자일리틸글루코사이드, 안하이드로자일리톨, 자일리톨, 글루코오스, 부틸렌글라이콜, 암모늄아크릴로일다이메틸타우레이트/브이피코폴리머, 카프릴릴글라이콜"
55,cream_9,크림,복합성,"정제수, 부틸렌글라이콜, 글리세린, 1,2-헥산다이올, 하이드로제네이티드다이데센, 알란토인, 트레할로오스, 버지니아풍년화추출물, 판테놀, 하이드롤라이즈드하이알루로닉애씨드, 소듐하이알루로네이트, 소듐하이알루로네이트크로스폴리머, 소듐아세틸레이티드하이알루로네이트, 하이드롤라이즈드소듐하이알루로네이트, 글리세릴아크릴레이트/아크릴릭애씨드코폴리머, 피브이엠/엠에이코폴리머, 하이드록시에틸아크릴레이트/소듐아크릴로일다이메틸타우레이트코폴리머, 2,3-부탄다이올, 세테아릴알코올, C14-22알코올, C12-20알킬글루코사이드, 펜틸렌글라이콜, 솔비탄아이소스테아레이트, 카프릴릭/카프릭트라이글리세라이드, 인도멀구슬나무잎추출물, 인도멀구슬나무꽃추출물, 아이비고드열매추출물, 가지열매추출물, 홀리바질잎추출물, 울금뿌리추출물, 참산호말추출물, 클레리추출물, 라벤더꽃추출물, 히아신스전초추출물, 마트리카리아꽃추출물, 수레국화꽃추출물, 보리지추출물, 다이소듐이디티에이, 카보머, 트로메타민, 잔탄검, 글루타티온, 말라카이트추출물, 에틸헥실글리세린"
56,cream_10,크림,복합성,"양파추출물(719,124ppm), 프로판다이올, 글리세린, 정제수, 부틸렌글라이콜, 카프릴릭/카프릭트라이글리세라이드, 나이아신아마이드, 1,2-헥산다이올, 하이드록시에틸아크릴레이트/소듐아크릴로일다이메틸타우레이트코폴리머, 소듐헤파린, 알란토인, 판테놀, 약모밀추출물, 세테아릴알코올, 비닐다이메티콘, 카보머, 세테아릴올리베이트, 솔비톨, 솔비탄올리베이트, 바이오사카라이드검-1, 소듐폴리아크릴로일다이메틸타우레이트, 소듐아스코빌포스페이트, 트로메타민, 인도멀구슬나무잎추출물, 인도멀구슬나무꽃추출물, 솔비탄아이소스테아레이트, 하이드로제네이티드폴리데센, 에틸헥실글리세린, 시트릭애씨드, 아데노신, 하이드록시에틸셀룰로오스, 아이비고드열매추출물, 다이소듐이디티에이, 베타인, 소듐시트레이트, 트라넥사믹애씨드, 트라이데세스-10, 가지열매추출물, 하이알루로닉애씨드, 하이드롤라이즈드하이알루로닉애씨드, 소듐하이알루로네이트, 참산호말추출물, 홀리바질잎추출물, 울금뿌리추출물"
57,toner_9,토너,복합성,"병풀추출물(39.2%), 약모밀추출물(28.1%), 감초뿌리추출물(25.7%), 1,2-헥산다이올, 다이프로필렌글라이콜, 프로판다이올,부틸렌글라이콜, 글리세린, 히아신스전초추출물, 하수오전초추출물, 카보머, 하이드록시에틸셀룰로오스, 알지닌, 알란토인, 다이소듐이디티에이, 알바수련꽃추출물, 베타인, 판테놀"
58,toner_10,토너,건성,"정제수, 프로판다이올, 변성알코올, 글리세린, 나이아신아마이드*, 1,2-헥산다이올, 소듐하이알루로네이트**, 엔도미세스발효여과물, 하이드롤라이즈드하이알루로닉애씨드**, 트루로즈오브예리코추출물, 하이알루로닉애씨드, 비피다발효용해물, 옥틸도데세스-16, 트로메타민, 에틸헥실글리세린, 아데노신, 펜틸렌글라이콜, 아세틸글루코사민, 하이드록시아세토페논, 소듐하이알루로네이트크로스폴리머**, 벤질글라이콜, 하이드롤라이즈드글라이코사미노글리칸, 토코페롤*, 카프릴릴글라이콜, 글리세릴글루코사이드, 부틸렌글라이콜, 하이드록시프로필트라이모늄하이알루로네이트**, 하이드로제네이티드레시틴, 스테아릭애씨드, 소듐아세틸레이티드하이알루로네이트**, 옥탄다이올, 피토스테롤, 구아하이드록시프로필트라이모늄클로라이드, 세라마이드엔피, 세라마이드엔에스, 콜레스테롤, 피토스핑고신, 세라마이드에이피, 세라마이드에이에스, 아스코빅애씨드*, 아스코빌글루코사이드*, 바이오틴*, 사이아노코발아민*, 폴릭애씨드*, 리놀레익애씨드*, 판토테닉애씨드*, 피리독신*, 티아민에이치씨엘*, 세라마이드이오피, 카보머, 다이소듐이디티에이, 세테아릴알코올, 향료"
59,toner_11,토너,복합성,"정제수, 2,3-부탄다이올, 에톡시다이글라이콜, 글루코노락톤, 1,2-헥산다이올, 글리세린, 메틸프로판다이올, 글리세레스-26, 트로메타민, 카프릴릴글라이콜, 클로렐라 불가리스추출물, 글루코오스, 판테놀, 부틸렌글라이콜, 프룩토올리고사카라이드, 프룩토오스, 옥틸도데세스-16, 트라이소듐에틸렌다이아민다이석시네이트, 에틸헥실글리세린, 소듐파이테이트, 다이프로필렌글라이콜, 알란토인, 하이드록시아세토페논, 폴리글리세릴-10라우레이트, 소듐헤파린, 백미꽃추출물, 접시꽃추출물, 카프릴로일살리실릭애씨드, 쑥잎추출물, 토코페롤, 4-터피네올, 펜틸렌글라이콜, 카프릴릴/카프릴글루코사이드, 하이드로제네이티드레시틴, 세라마이드엔피"
60,toner_12,토너,복합성,"정제수, 부틸렌글라이콜, 프로판다이올, 1,2-헥산다이올, 나이아신 아마이드, 판테놀, 에틸헥실글리세린, 알란토인, 아데노신, 잔탄검, 다이소듐이디티에이, 폴리쿼터늄-51, 월계수잎추출물, 질경이추출물, 소듐하이알루로네이트, 버지니아풍년화수, 곤약뿌리추출물, 소듐구아 이아줄렌설포네이트, 파파야열매추출물, 락토바실러스발효물, 밤부사 불가리스추출물, 편백잎추출물, 소나무잎추출물, 측백나무추출물, 시팀 우드검추출물, 병풀추출물, 티트리잎추출물, 쌀겨추출물, 아시아틱 애씨드, 아시아티코사이드, 마데카식애씨드, 마데카소사이드"
